{
    "configurations": [
        {
            "name": "Win32",
            "includePath": [
                "${workspaceFolder}/**"
            ],
            "defines": [
                "_DEBUG",
                "UNICODE",
                "_UNICODE"
            ],
            "compilerPath": "C:\\MinGW\\bin\\gcc.exe",
            "cStandard": "gnu17",
            "cppStandard": "c++17",
            "intelliSenseMode": "windows-gcc-x86",
            "configurationProvider": "ms-vscode.cmake-tools"
        },
        {
            "name": "#include",
            "includePath": [
                "${workspaceFolder}/**"
            ],
            "defines": [
                "_DEBUG",
                "UNICODE",
                "_UNICODE"
            ],
            "compilerPath": "C:\\MinGW\\bin\\gcc.exe",
            "cStandard": "gnu17",
            "cppStandard": "c++17",
            "intelliSenseMode": "windows-gcc-x86"
        }
    ],
    "version": 4
}